{
  "Monosemous-Shared": {
    "mean": 0.8235223949819371,
    "std": 0.18515733987731325,
    "count": 345
  },
  "Polysemous-Full": {
    "mean": 0.8957856205793527,
    "std": 0.10294171922081331,
    "count": 13
  },
  "Polysemous-Partial": {
    "mean": 0.800255937235696,
    "std": 0.17239193272679743,
    "count": 126
  }
}