{
  "Monosemous-Shared": {
    "mean": 0.816791899571909,
    "std": 0.1902763424740098,
    "count": 214
  },
  "Polysemous-Full": {
    "mean": 0.8925396859645843,
    "std": 0.10870443788492869,
    "count": 10
  },
  "Polysemous-Partial": {
    "mean": 0.7938892780518045,
    "std": 0.17667183474999817,
    "count": 49
  },
  "Random-Baseline": {
    "mean": 0.36982459725041095,
    "std": 0.1220180958382946,
    "count": 273
  }
}